p_bit;pe
0.0;0.0
0.1;0.003426300000000001
0.2;0.018022400000000008
0.3;0.03797009999999999
0.4;0.05253120000000001
0.5;0.0546875
0.6;0.04423680000000001
0.7;0.02685690000000001
0.8;0.010649599999999995
0.9;0.0016766999999999989
1.0;0.0
